datetime, usd, czk
2020.08.01 00:31:54,11275.93858565,248050
2020.08.01 00:50:18,11279.75333327,248138
2020.08.01 00:55:38,11286.04552094,248292
2020.08.01 01:02:37,11262.89883481,247764
2020.08.01 01:17:07,11284.22162968,248248
2020.08.01 01:22:30,11296.61541140,248512
2020.08.01 01:27:56,11298.27137492,248556
2020.08.01 01:33:41,11298.73779238,248556
2020.08.01 01:39:00,11298.38181512,248556
2020.08.01 01:44:31,11296.63390872,248512
2020.08.01 01:49:58,11283.42470355,248226
2020.08.01 01:55:28,11279.34730290,248138
2020.08.01 02:01:50,11277.77419952,248094
2020.08.01 02:17:11,11306.30414772,248732
2020.08.01 02:27:44,11322.02599006,249084
2020.08.01 02:33:32,11317.58349436,248974
2020.08.01 02:38:45,11322.79081410,249084
2020.08.01 02:44:09,11329.00015606,249238
2020.08.01 02:49:28,11344.48915098,249568
2020.08.01 02:54:51,11338.04708610,249436
2020.08.01 03:00:25,11341.42933142,249502
2020.08.01 03:15:09,11355.97147464,249810
2020.08.01 03:20:42,11356.36856625,249832
2020.08.01 03:26:12,11371.03206651,250162
2020.08.01 03:31:52,11377.69846036,250294
2020.08.01 03:37:21,11367.83432217,250074
2020.08.01 03:42:52,11375.70168163,250250
2020.08.01 03:48:24,11388.40977900,250536
2020.08.01 03:53:56,11394.52785169,250668
2020.08.01 03:59:31,11376.27045867,250272
2020.08.01 04:15:45,11368.57257674,250096
2020.08.01 04:21:13,11393.79810509,250646
2020.08.01 04:26:45,11388.27703927,250536
2020.08.01 04:32:19,11389.60445268,250558
2020.08.01 04:38:22,11417.08359830,251174
2020.08.01 04:43:22,11419.67225043,251218
2020.08.01 04:48:56,11418.92383733,251196
2020.08.01 04:54:34,11404.93915724,250888
2020.08.01 04:59:56,11404.54758410,250888
2020.08.01 05:14:40,11431.77600101,251482
2020.08.01 05:20:02,11446.30458030,251812
2020.08.01 05:25:23,11459.85991802,252098
2020.08.01 05:30:47,11490.89805143,252780
2020.08.01 05:36:12,11478.87721563,252516
2020.08.01 05:41:53,11499.25967359,252978
2020.08.01 05:47:06,11522.71205325,253484
2020.08.01 05:52:36,11567.63845050,254474
2020.08.01 05:58:12,11630.53188367,255860
2020.08.01 06:12:37,11619.97055551,255618
2020.08.01 06:22:06,11698.63877718,257356
2020.08.01 06:26:33,11700.04920672,257400
2020.08.01 06:32:13,11702.67232316,257444
2020.08.01 06:37:40,11655.61081843,256410
2020.08.01 06:43:16,11638.13694413,256036
2020.08.01 06:48:55,11659.77541918,256498
2020.08.01 06:54:21,11665.86190691,256630
2020.08.01 06:59:52,11650.98509787,256300
2020.08.01 07:15:47,11624.36085715,255728
2020.08.01 07:20:36,11623.99807823,255706
2020.08.01 07:26:11,11619.31733003,255618
2020.08.01 07:31:40,11604.49071915,255288
2020.08.01 07:37:12,11623.97895374,255706
2020.08.01 07:42:43,11625.77267999,255750
2020.08.01 07:48:18,11643.28252012,256146
2020.08.01 07:53:48,11664.83805897,256608
2020.08.01 07:59:20,11667.35138043,256674
2020.08.01 08:16:25,11711.48085564,257642
2020.08.01 08:21:33,11697.61907749,257334
2020.08.01 08:27:07,11666.98677970,256652
2020.08.01 08:32:42,11664.46291201,256608
2020.08.01 08:38:12,11674.36276686,256828
2020.08.01 08:43:45,11680.94035118,256960
2020.08.01 08:49:22,11694.57156901,257268
2020.08.01 08:54:51,11697.87191719,257334
2020.08.01 09:00:21,11685.84986466,257070
2020.08.01 09:15:00,11665.11646193,256630
2020.08.01 09:20:43,11699.07441323,257378
2020.08.01 09:26:05,11703.33116087,257466
2020.08.01 09:31:38,11722.32796347,257884
2020.08.01 09:37:11,11716.60021768,257752
2020.08.01 09:42:43,11705.00783223,257510
2020.08.01 09:48:15,11711.43533035,257642
2020.08.01 09:53:49,11705.18110957,257510
2020.08.01 09:59:21,11713.12019616,257686
2020.08.01 10:15:02,11724.86626856,257928
2020.08.01 10:20:35,11697.74130766,257334
2020.08.01 10:26:09,11704.48491031,257488
2020.08.01 10:31:38,11649.05665498,256278
2020.08.01 10:37:29,11652.52803233,256344
2020.08.01 10:42:43,11623.18459409,255706
2020.08.01 10:48:19,11639.29635391,256058
2020.08.01 10:53:52,11651.58579978,256322
2020.08.01 10:59:20,11629.59011344,255838
2020.08.01 11:13:35,11640.26074864,256080
2020.08.01 11:19:03,11650.14827116,256300
2020.08.01 11:24:38,11629.23575906,255838
2020.08.01 11:30:10,11639.76533681,256058
2020.08.01 11:35:40,11648.00480341,256256
2020.08.01 11:41:14,11642.72091598,256124
2020.08.01 11:46:43,11635.13342174,255970
2020.08.01 11:52:19,11655.29789631,256410
2020.08.01 11:57:54,11663.94333961,256586
2020.08.01 12:13:22,11698.35980979,257356
2020.08.01 12:23:38,11685.86947073,257070
2020.08.01 12:29:08,11677.50432531,256894
2020.08.01 12:34:44,11669.50122206,256718
2020.08.01 12:40:16,11666.10205645,256652
2020.08.01 12:45:46,11660.05428040,256520
2020.08.01 12:51:20,11659.63390563,256498
2020.08.01 12:56:51,11667.05089216,256674
2020.08.01 13:06:31,11662.56146796,256564
2020.08.01 13:15:38,11606.07070147,255332
2020.08.01 13:21:06,11611.36038302,255442
2020.08.01 13:26:39,11618.50438171,255596
2020.08.01 13:32:10,11593.68847644,255046
2020.08.01 13:37:47,11574.93692246,254628
2020.08.01 13:43:14,11543.33969394,253946
2020.08.01 13:48:49,11561.86046330,254342
2020.08.01 13:54:21,11569.38665363,254518
2020.08.01 13:59:53,11546.99144869,254012
2020.08.01 14:18:21,11547.38144450,254034
2020.08.01 14:21:32,11546.19893274,254012
2020.08.01 14:26:17,11546.96474311,254012
2020.08.01 14:31:46,11536.71464487,253792
2020.08.01 14:37:14,11566.12747146,254452
2020.08.01 14:42:47,11572.40552651,254584
2020.08.01 14:48:21,11575.73585450,254650
2020.08.01 14:53:51,11584.24128710,254848
2020.08.01 14:59:21,11612.65628116,255464
2020.08.01 15:14:33,11630.29114985,255860
2020.08.01 15:20:21,11620.60831568,255640
2020.08.01 15:25:41,11622.19901718,255684
2020.08.01 15:31:12,11610.96062313,255420
2020.08.01 15:36:47,11624.99356379,255728
2020.08.01 15:42:16,11626.68785984,255772
2020.08.01 15:47:46,11643.11265734,256146
2020.08.01 15:53:19,11638.22391424,256036
2020.08.01 15:58:54,11640.85211994,256080
2020.08.01 16:14:31,11646.11536635,256212
2020.08.01 16:20:04,11655.88488258,256410
2020.08.01 16:25:37,11660.35324914,256520
2020.08.01 16:31:13,11668.75711465,256696
2020.08.01 16:36:55,11677.72805088,256894
2020.08.01 16:42:14,11688.98789113,257136
2020.08.01 16:47:47,11694.11249810,257268
2020.08.01 16:53:19,11658.06149004,256476
2020.08.01 16:58:50,11655.64512605,256410
2020.08.01 17:13:03,11672.94171546,256784
2020.08.01 17:18:33,11700.32755486,257400
2020.08.01 17:24:07,11706.02445445,257532
2020.08.01 17:29:37,11711.79182896,257642
2020.08.01 17:35:54,11707.49673823,257554
2020.08.01 17:40:46,11706.12628678,257532
2020.08.01 17:46:18,11735.98992507,258170
2020.08.01 17:51:49,11724.45545704,257928
2020.08.01 17:57:18,11726.53925195,257972
2020.08.01 18:08:56,11704.05746269,257488
2020.08.01 18:18:40,11673.97505616,256806
2020.08.01 18:24:08,11647.02486122,256234
2020.08.01 18:29:38,11651.98344330,256322
2020.08.01 18:35:15,11648.01191613,256256
2020.08.01 18:40:43,11620.11580368,255640
2020.08.01 18:46:16,11641.70756283,256102
2020.08.01 18:51:50,11676.11130646,256872
2020.08.01 18:57:16,11667.77004315,256674
2020.08.01 19:07:56,11725.93110056,257950
2020.08.01 19:15:37,11712.35411697,257664
2020.08.01 19:21:04,11712.70383183,257664
2020.08.01 19:26:37,11738.79449777,258236
2020.08.01 19:32:39,11782.09679108,259204
2020.08.01 19:38:12,11832.64154838,260304
2020.08.01 19:43:47,11859.61188341,260898
2020.08.01 19:49:15,11789.62160248,259358
2020.08.01 19:54:50,11787.93911990,259314
2020.08.01 20:00:20,11767.01104894,258874
2020.08.01 20:19:47,11762.79432691,258764
2020.08.01 20:22:39,11774.84109098,259028
2020.08.01 20:28:07,11783.37858971,259226
2020.08.01 20:33:43,11846.18593338,260612
2020.08.01 20:39:14,11824.37073003,260128
2020.08.01 20:44:46,11845.55024256,260590
2020.08.01 20:50:19,11836.56080957,260392
2020.08.01 20:55:48,11812.17808610,259864
2020.08.01 21:02:53,11832.38418123,260304
2020.08.01 21:15:03,11865.28560468,261030
2020.08.01 21:20:33,11854.45970145,260788
2020.08.01 21:26:11,11827.44849755,260194
2020.08.01 21:31:44,11802.84695418,259644
2020.08.01 21:37:11,11825.43107367,260150
2020.08.01 21:42:44,11829.45135179,260238
2020.08.01 21:48:15,11798.33180405,259556
2020.08.01 21:53:50,11789.66424020,259358
2020.08.01 21:59:18,11775.19861221,259050
2020.08.01 22:14:30,11777.20190938,259094
2020.08.01 22:20:03,11781.72495916,259182
2020.08.01 22:25:36,11750.49154797,258500
2020.08.01 22:31:08,11753.89084185,258566
2020.08.01 22:36:39,11753.50069441,258566
2020.08.01 22:42:13,11775.98343128,259050
2020.08.01 22:47:46,11765.06151743,258830
2020.08.01 22:53:18,11778.88305312,259116
2020.08.01 22:58:49,11791.75972633,259402
2020.08.01 23:12:30,11779.11278747,259138
2020.08.01 23:18:00,11775.08013743,259050
2020.08.01 23:23:36,11758.17275278,258676
2020.08.01 23:29:07,11772.09265038,258984
2020.08.01 23:34:40,11786.39007251,259292
2020.08.01 23:40:09,11778.84460023,259116
2020.08.01 23:45:43,11790.68071223,259380
2020.08.01 23:51:13,11804.60765232,259688
2020.08.01 23:56:48,11809.92756699,259798
2020.08.02 00:18:37,11847.99815756,260634
2020.08.02 00:48:32,11781.13728623,259182
2020.08.02 00:54:01,11792.13780342,259424
2020.08.02 00:59:30,11796.69022118,259512
2020.08.02 01:15:46,11815.03836071,259930
2020.08.02 01:21:15,11836.25096149,260392
2020.08.02 01:26:48,11850.05051204,260700
2020.08.02 01:32:21,11830.13713681,260260
2020.08.02 01:38:24,11843.38674913,260546
2020.08.02 01:43:24,11883.01455083,261426
2020.08.02 01:48:57,11920.34578822,262240
2020.08.02 01:54:33,11907.36704997,261954
2020.08.02 02:00:00,11935.62153399,262570
2020.08.02 02:21:12,11946.77828481,262812
2020.08.02 02:22:28,11940.86273549,262680
2020.08.02 02:27:49,11910.12736613,262020
2020.08.02 02:33:22,11918.07187884,262196
2020.08.02 02:38:55,11910.33258653,262020
2020.08.02 02:44:28,11923.78782542,262306
2020.08.02 02:49:58,11937.15146069,262614
2020.08.02 02:55:30,11933.96814295,262526
2020.08.02 03:02:01,11928.18627337,262416
2020.08.02 03:15:44,11895.68879867,261690
2020.08.02 03:21:16,11918.78659010,262196
2020.08.02 03:26:51,11934.21282092,262548
2020.08.02 03:32:26,11932.83102021,262504
2020.08.02 03:37:56,11925.53090763,262350
2020.08.02 03:43:42,11952.77161399,262944
2020.08.02 03:48:57,11935.86880230,262570
2020.08.02 03:54:29,11956.48050945,263032
2020.08.02 04:00:00,11969.81702775,263318
2020.08.02 04:16:49,12080.56935586,265760
2020.08.02 04:21:20,12069.91714856,265518
2020.08.02 04:26:49,11964.82830065,263208
2020.08.02 04:32:25,11948.98057341,262856
2020.08.02 04:37:53,11934.58022670,262548
2020.08.02 04:43:28,11283.80500901,248226
2020.08.02 04:48:58,11140.71083463,245080
2020.08.02 04:54:30,11199.10462233,246378
2020.08.02 05:00:01,11150.79694265,245300
2020.08.02 05:14:18,11353.30788271,249766
2020.08.02 05:19:45,11311.14979665,248842
2020.08.02 05:25:18,11275.78805498,248050
2020.08.02 05:30:48,11235.57616516,247170
2020.08.02 05:36:21,11287.41018224,248314
2020.08.02 05:41:50,11310.35372231,248820
2020.08.02 05:47:27,11298.10260345,248556
2020.08.02 05:52:58,11324.80518406,249128
2020.08.02 05:58:29,11261.80245215,247742
2020.08.02 06:14:18,11296.36044719,248512
2020.08.02 06:21:18,11263.51161551,247786
2020.08.02 06:26:49,11292.72564245,248424
2020.08.02 06:32:21,11303.48224842,248666
2020.08.02 06:37:53,11306.59412235,248732
2020.08.02 06:43:28,11291.87018158,248402
2020.08.02 06:48:58,11265.17436407,247830
2020.08.02 06:54:34,11276.77653216,248072
2020.08.02 07:00:00,11296.77479997,248512
2020.08.02 07:15:14,11326.15152629,249172
2020.08.02 07:20:43,11330.94081818,249260
2020.08.02 07:26:17,11360.85286431,249920
2020.08.02 07:31:48,11371.58457029,250162
2020.08.02 07:37:32,11358.02649723,249876
2020.08.02 07:42:55,11363.23280727,249986
2020.08.02 07:48:24,11350.87733389,249700
2020.08.02 07:53:56,11362.42034144,249964
2020.08.02 07:59:28,11365.15691169,250030
2020.08.02 08:16:10,11339.28206790,249458
2020.08.02 08:21:49,11321.87533119,249062
2020.08.02 08:27:19,11325.39829063,249150
2020.08.02 08:32:51,11310.19210965,248820
2020.08.02 08:38:22,11313.12565078,248886
2020.08.02 08:43:54,11313.24775743,248886
2020.08.02 08:49:23,11294.92807879,248468
2020.08.02 08:54:54,11296.60303672,248512
2020.08.02 09:00:25,11304.42080868,248688
2020.08.02 09:15:11,11291.15649767,248402
2020.08.02 09:20:41,11261.79141163,247742
2020.08.02 09:26:17,11269.58057123,247918
2020.08.02 09:31:47,11264.73526100,247808
2020.08.02 09:37:17,11301.24305415,248622
2020.08.02 09:42:52,11298.11401954,248556
2020.08.02 09:48:25,11293.05583084,248446
2020.08.02 09:53:53,11307.64115537,248754
2020.08.02 09:59:26,11303.65920035,248666
2020.08.02 10:14:41,11275.63426192,248050
2020.08.02 10:20:09,11275.53330944,248050
2020.08.02 10:25:43,11284.46288689,248248
2020.08.02 10:31:15,11260.79921398,247720
2020.08.02 10:36:48,11251.95909993,247522
2020.08.02 10:42:19,11236.67087213,247192
2020.08.02 10:47:50,11192.52165658,246224
2020.08.02 10:53:25,11256.13647629,247632
2020.08.02 10:58:58,11264.52718166,247808
2020.08.02 11:13:09,11257.70553313,247654
2020.08.02 11:18:41,11210.86446153,246620
2020.08.02 11:24:14,11113.31865559,244486
2020.08.02 11:29:44,11139.31012435,245058
2020.08.02 11:35:17,11154.30585924,245388
2020.08.02 11:41:20,11086.09866577,243892
2020.08.02 11:46:22,11042.59874523,242924
2020.08.02 11:51:55,11015.54802980,242330
2020.08.02 11:57:25,11091.00620774,244002
2020.08.02 12:13:57,11145.20894364,245190
2020.08.02 12:24:13,11122.87655888,244684
2020.08.02 12:28:24,11105.14737285,244310
2020.08.02 12:33:55,11088.25762711,243936
2020.08.02 12:39:26,11050.61979065,243100
2020.08.02 12:44:55,11054.24073628,243188
2020.08.02 12:50:28,11075.01011799,243650
2020.08.02 12:55:58,11062.55896356,243364
2020.08.02 13:03:32,11031.39853966,242682
2020.08.02 13:15:29,11062.76795620,243364
2020.08.02 13:20:44,11089.00248207,243958
2020.08.02 13:26:15,11103.50478388,244266
2020.08.02 13:31:51,11096.60505961,244112
2020.08.02 13:37:18,11098.23157588,244156
2020.08.02 13:42:54,11125.68184858,244750
2020.08.02 13:48:26,11118.37496170,244596
2020.08.02 13:53:56,11124.67718372,244728
2020.08.02 13:59:30,11104.94840649,244288
2020.08.02 14:15:15,11089.32737958,243958
2020.08.02 14:20:42,11097.93404411,244134
2020.08.02 14:26:16,11096.83812326,244112
2020.08.02 14:31:46,11131.57085975,244882
2020.08.02 14:37:52,11148.02594027,245256
2020.08.02 14:42:51,11156.30905344,245432
2020.08.02 14:48:26,11171.78140404,245762
2020.08.02 14:53:58,11169.27649596,245718
2020.08.02 14:59:32,11146.99454761,245212
2020.08.02 15:14:41,11143.47353807,245146
2020.08.02 15:20:14,11126.83631922,244772
2020.08.02 15:25:43,11118.80809902,244596
2020.08.02 15:31:16,11139.64070643,245058
2020.08.02 15:36:51,11138.49034072,245036
2020.08.02 15:42:23,11122.66299750,244684
2020.08.02 15:47:53,11109.70830020,244398
2020.08.02 15:53:27,11098.52689492,244156
2020.08.02 15:58:56,11098.81074158,244156
2020.08.02 16:15:29,11135.43651830,244970
2020.08.02 16:20:39,11128.60222937,244816
2020.08.02 16:25:47,11117.82231852,244574
2020.08.02 16:31:16,11147.35535798,245234
2020.08.02 16:36:47,11165.12383250,245630
2020.08.02 16:42:22,11173.48111985,245806
2020.08.02 16:47:55,11173.74511977,245806
2020.08.02 16:53:21,11185.59446723,246070
2020.08.02 16:58:54,11201.56045878,246422
2020.08.02 17:13:41,11203.82703649,246466
2020.08.02 17:19:06,11211.33649421,246642
2020.08.02 17:24:41,11237.62600398,247214
2020.08.02 17:30:15,11242.95612591,247324
2020.08.02 17:35:48,11232.27263414,247104
2020.08.02 17:41:17,11245.55279533,247390
2020.08.02 17:46:48,11238.71957595,247236
2020.08.02 17:52:25,11264.77179938,247808
2020.08.02 17:57:55,11279.69396156,248138
2020.08.02 18:11:08,11250.91934050,247500
2020.08.02 18:19:40,11252.93239585,247544
2020.08.02 18:25:11,11241.45556905,247302
2020.08.02 18:30:54,11250.55294365,247500
2020.08.02 18:36:19,11264.29339821,247808
2020.08.02 18:41:49,11234.89980129,247148
2020.08.02 18:47:21,11210.65278911,246620
2020.08.02 18:53:00,11218.06460652,246796
2020.08.02 18:58:26,11235.27303966,247170
2020.08.02 19:11:48,11250.94106116,247500
2020.08.02 19:17:17,11239.31648574,247258
2020.08.02 19:22:41,11219.44194672,246818
2020.08.02 19:28:13,11220.54669882,246840
2020.08.02 19:34:11,11229.09889653,247038
2020.08.02 19:39:44,11222.82750264,246884
2020.08.02 19:45:18,11188.35093576,246136
2020.08.02 19:50:52,11175.57298405,245850
2020.08.02 19:56:22,11187.10330382,246114
2020.08.02 20:06:07,11206.66825140,246532
2020.08.02 20:18:08,11205.47614480,246510
2020.08.02 20:23:43,11176.94554452,245872
2020.08.02 20:29:15,11147.89529416,245234
2020.08.02 20:34:46,11150.16245539,245300
2020.08.02 20:40:17,11127.28958051,244794
2020.08.02 20:45:52,11142.89472674,245124
2020.08.02 20:51:25,11129.98085146,244838
2020.08.02 20:57:01,11107.29723715,244354
2020.08.02 21:06:42,11119.98013607,244618
2020.08.02 21:15:42,11139.94008662,245058
2020.08.02 21:21:11,11147.66918762,245234
2020.08.02 21:26:45,11130.90709539,244860
2020.08.02 21:32:16,11125.38901188,244750
2020.08.02 21:37:45,11069.94841146,243518
2020.08.02 21:43:21,11105.36564002,244310
2020.08.02 21:48:55,11107.64276264,244354
2020.08.02 21:54:23,11125.46104933,244750
2020.08.02 21:59:54,11136.45295892,244992
2020.08.02 22:14:42,11166.39229863,245652
2020.08.02 22:20:11,11162.28509919,245564
2020.08.02 22:25:40,11157.59290154,245454
2020.08.02 22:31:15,11165.63897499,245630
2020.08.02 22:36:45,11151.18521177,245322
2020.08.02 22:42:18,11138.36430067,245036
2020.08.02 22:47:50,11132.27263827,244904
2020.08.02 22:53:21,11120.75250082,244640
2020.08.02 22:58:53,11118.31565582,244596
2020.08.02 23:13:02,11121.45645017,244662
2020.08.02 23:18:36,11116.42661765,244552
2020.08.02 23:24:10,11124.13107058,244728
2020.08.02 23:29:39,11120.66257423,244640
2020.08.02 23:35:11,11129.07820148,244838
2020.08.02 23:40:46,11103.42228004,244266
2020.08.02 23:46:26,11094.51010577,244068
2020.08.02 23:51:48,11071.40852586,243562
2020.08.02 23:57:19,11065.84845819,243430
2020.08.03 00:24:11,11087.88681703,243914
2020.08.03 00:48:34,11125.31457474,244750
2020.08.03 00:54:01,11140.68512374,245080
2020.08.03 00:59:35,11137.93580727,245014
2020.08.03 01:16:25,11145.74055516,245190
2020.08.03 01:21:51,11150.32062137,245300
2020.08.03 01:27:29,11161.44700139,245542
2020.08.03 01:32:59,11159.72887771,245498
2020.08.03 01:38:30,11146.61171007,245212
2020.08.03 01:44:03,11138.36225222,245036
2020.08.03 01:49:33,11132.41324048,244904
2020.08.03 01:55:07,11130.20252327,244860
2020.08.03 02:00:38,11127.27264076,244794
2020.08.03 02:17:18,11141.49239618,245102
2020.08.03 02:27:44,11178.57999747,245916
2020.08.03 02:28:28,11178.57999747,245916
2020.08.03 02:34:11,11179.59693157,245938
2020.08.03 02:39:30,11188.02302597,246136
2020.08.03 02:45:05,11198.97053277,246356
2020.08.03 02:50:40,11194.66632232,246268
2020.08.03 02:56:08,11192.08195694,246224
2020.08.03 03:04:14,11185.36904313,246070
2020.08.03 03:16:24,11193.19118770,246246
2020.08.03 03:21:56,11185.06985270,246070
2020.08.03 03:27:29,11186.01301376,246092
2020.08.03 03:33:10,11187.52525138,246114
2020.08.03 03:38:35,11183.96052246,246026
2020.08.03 03:44:09,11160.29758558,245520
2020.08.03 03:49:45,11156.45885589,245432
2020.08.03 03:55:13,11159.80072699,245498
2020.08.03 04:00:44,11127.45117671,244794
2020.08.03 04:17:08,11160.00717436,245520
2020.08.03 04:21:59,11157.86674818,245454
2020.08.03 04:27:29,11158.35376446,245476
2020.08.03 04:33:04,11163.15136067,245586
2020.08.03 04:38:41,11180.66134699,245960
2020.08.03 04:44:19,11181.51989109,245982
2020.08.03 04:49:47,11181.36476035,245982
2020.08.03 04:55:12,11179.22508640,245938
2020.08.03 05:00:43,11175.05316697,245850
2020.08.03 05:14:57,11168.73711241,245696
2020.08.03 05:20:35,11142.79084659,245124
2020.08.03 05:26:02,11150.22370087,245300
2020.08.03 05:31:35,11161.52580860,245542
2020.08.03 05:37:18,11178.11704450,245916
2020.08.03 05:42:38,11181.44405856,245982
2020.08.03 05:48:08,11185.88025325,246070
2020.08.03 05:53:46,11181.40163929,245982
2020.08.03 05:59:13,11190.56928370,246180
2020.08.03 06:18:21,11199.78108543,246378
2020.08.03 06:22:30,11198.03205591,246356
2020.08.03 06:28:05,11200.79647114,246400
2020.08.03 06:33:40,11209.09290973,246598
2020.08.03 06:39:12,11239.14897491,247258
2020.08.03 06:44:44,11223.52695887,246906
2020.08.03 06:50:15,11220.30021102,246840
2020.08.03 06:55:46,11202.66830791,246444
2020.08.03 07:02:49,11202.47826672,246444
2020.08.03 07:16:02,11225.38883104,246950
2020.08.03 07:22:18,11229.43926006,247038
2020.08.03 07:27:11,11229.78375726,247038
2020.08.03 07:33:54,11230.01304152,247060
2020.08.03 07:38:11,11228.40689695,247016
2020.08.03 07:43:44,11233.36885231,247126
2020.08.03 07:49:15,11224.60927550,246928
2020.08.03 07:54:50,11213.01445081,246686
2020.08.03 08:00:17,11211.71193495,246642
2020.08.03 08:17:03,11234.09061455,247148
2020.08.03 08:22:37,11236.27136865,247192
2020.08.03 08:28:12,11238.00119426,247236
2020.08.03 08:33:44,11229.54023764,247038
2020.08.03 08:39:22,11223.18235674,246906
2020.08.03 08:44:47,11215.10659967,246730
2020.08.03 08:50:39,11209.68540476,246598
2020.08.03 08:55:59,11207.25289398,246554
2020.08.03 09:03:31,11208.64194399,246576
2020.08.03 09:16:14,11206.35369718,246532
2020.08.03 09:21:53,11200.18168952,246400
2020.08.03 09:27:17,11179.48990408,245938
2020.08.03 09:32:53,11171.48681313,245762
2020.08.03 09:38:20,11181.43399005,245982
2020.08.03 09:43:54,11181.64980965,245982
2020.08.03 09:49:30,11181.57602750,245982
2020.08.03 09:54:59,11168.45268110,245696
2020.08.03 10:00:33,11159.65614657,245498
2020.08.03 10:16:10,11168.90030214,245696
2020.08.03 10:21:17,11176.08749653,245872
2020.08.03 10:26:51,11182.44157443,246004
2020.08.03 10:32:28,11187.66582633,246114
2020.08.03 10:37:59,11192.95992589,246224
2020.08.03 10:43:31,11192.69281967,246224
2020.08.03 10:50:04,11193.46193846,246246
2020.08.03 10:54:32,11204.22070506,246488
2020.08.03 11:00:04,11213.91988559,246686
2020.08.03 11:14:17,11220.55149918,246840
2020.08.03 11:19:50,11200.06738292,246400
2020.08.03 11:25:25,11217.04613758,246774
2020.08.03 11:31:01,11232.69118161,247104
2020.08.03 11:36:27,11229.17934935,247038
2020.08.03 11:42:00,11232.30752224,247104
2020.08.03 11:47:33,11247.36554029,247434
2020.08.03 11:53:07,11242.42765698,247324
2020.08.03 11:58:36,11250.22826251,247500
2020.08.03 12:16:56,11230.86214759,247060
2020.08.03 12:24:56,11228.83145756,247016
2020.08.03 12:30:31,11221.90038742,246862
2020.08.03 12:36:08,11234.99488138,247148
2020.08.03 12:41:36,11250.40596526,247500
2020.08.03 12:47:11,11249.63900307,247478
2020.08.03 12:52:44,11251.44010125,247522
2020.08.03 12:58:07,11261.32239430,247742
2020.08.03 13:10:27,11270.29914897,247940
2020.08.03 13:16:55,11275.04721840,248050
2020.08.03 13:22:22,11269.75614141,247918
2020.08.03 13:28:02,11273.66880119,248006
2020.08.03 13:33:31,11283.39097266,248226
2020.08.03 13:39:02,11290.09401173,248380
2020.08.03 13:44:36,11284.32703365,248248
2020.08.03 13:50:07,11299.01759604,248578
2020.08.03 13:55:33,11307.16606715,248754
2020.08.03 14:02:15,11308.34903726,248776
2020.08.03 14:21:22,11337.16323509,249414
2020.08.03 14:22:22,11336.98045553,249392
2020.08.03 14:27:41,11335.51357315,249370
2020.08.03 14:34:22,11356.11822581,249832
2020.08.03 14:38:51,11350.85853108,249700
2020.08.03 14:44:00,11328.26232552,249216
2020.08.03 14:49:34,11318.69174561,248996
2020.08.03 14:55:11,11310.38119624,248820
2020.08.03 15:00:55,11311.06378717,248842
2020.08.03 15:15:31,11382.29230460,250404
2020.08.03 15:20:52,11374.99754603,250228
2020.08.03 15:26:26,11369.00984383,250118
2020.08.03 15:31:46,11385.40016383,250470
2020.08.03 15:37:22,11394.87951798,250668
2020.08.03 15:42:47,11372.87375943,250184
2020.08.03 15:48:24,11391.44137584,250602
2020.08.03 15:53:53,11390.98232610,250580
2020.08.03 15:59:20,11379.83876045,250338
2020.08.03 16:15:40,11434.98898749,251548
2020.08.03 16:21:06,11476.36915097,252472
2020.08.03 16:26:43,11476.61000256,252472
2020.08.03 16:32:13,11465.30416638,252230
2020.08.03 16:37:46,11435.46281543,251570
2020.08.03 16:43:26,11428.23354735,251416
2020.08.03 16:48:55,11409.33409455,250998
2020.08.03 16:54:23,11417.74675032,251174
2020.08.03 16:59:59,11373.17883881,250206
2020.08.03 17:14:42,11386.58304278,250492
2020.08.03 17:20:12,11406.30921737,250932
2020.08.03 17:25:49,11393.46422735,250646
2020.08.03 17:31:20,11403.40319790,250866
2020.08.03 17:36:56,11409.04616886,250998
2020.08.03 17:42:25,11432.22643934,251504
2020.08.03 17:48:10,11429.20799476,251438
2020.08.03 17:53:43,11421.03402368,251262
2020.08.03 17:59:14,11427.95112737,251394
2020.08.03 18:16:00,11405.15365150,250910
2020.08.03 18:27:15,11404.41505584,250888
2020.08.03 18:32:49,11405.41916240,250910
2020.08.03 18:38:11,11401.19695126,250822
2020.08.03 18:43:44,11402.62193091,250844
2020.08.03 18:49:17,11423.40472667,251306
2020.08.03 18:54:53,11414.01172931,251108
2020.08.03 19:00:21,11418.70432041,251196
2020.08.03 19:14:36,11390.46417692,250580
2020.08.03 19:20:10,11392.12897268,250624
2020.08.03 19:25:39,11377.21685942,250294
2020.08.03 19:31:06,11379.36272804,250338
2020.08.03 19:36:48,11382.65636455,250404
2020.08.03 19:42:19,11373.95727714,250206
2020.08.03 19:47:38,11382.67432894,250404
2020.08.03 19:52:58,11396.46216467,250712
2020.08.03 19:58:30,11410.07863247,251020
2020.08.03 20:13:39,11417.81667444,251174
2020.08.03 20:20:14,11409.75285249,250998
2020.08.03 20:25:45,11402.31142654,250844
2020.08.03 20:31:44,11388.42243850,250536
2020.08.03 20:36:49,11372.87222213,250184
2020.08.03 20:42:21,11375.13986689,250250
2020.08.03 20:48:02,11375.40798462,250250
2020.08.03 20:53:40,11374.50804101,250228
2020.08.03 20:59:01,11383.67746456,250426
2020.08.03 21:13:58,11369.71270967,250118
2020.08.03 21:19:33,11373.09830588,250206
2020.08.03 21:25:04,11374.83404606,250228
2020.08.03 21:30:36,11335.43779908,249370
2020.08.03 21:36:08,11361.59966569,249942
2020.08.03 21:41:39,11332.62647121,249304
2020.08.03 21:47:10,11303.57715686,248666
2020.08.03 21:52:43,11313.81036970,248886
2020.08.03 21:58:17,11313.79397374,248886
2020.08.03 22:11:27,11259.81448911,247698
2020.08.03 22:17:29,11268.03983683,247896
2020.08.03 22:23:06,11289.97977118,248358
2020.08.03 22:28:46,11294.45050885,248468
2020.08.03 22:34:16,11285.51794428,248270
2020.08.03 22:40:14,11260.96574782,247720
2020.08.03 22:45:23,11261.21463082,247742
2020.08.03 22:50:49,11231.44079606,247082
2020.08.03 22:56:43,11217.94002567,246774
2020.08.03 23:04:54,11234.13812162,247148
2020.08.03 23:15:35,11182.85296837,246004
2020.08.03 23:21:12,11205.82111540,246510
2020.08.03 23:26:40,11212.14375948,246664
2020.08.03 23:32:39,11242.60974236,247324
2020.08.03 23:38:12,11247.19417330,247434
2020.08.03 23:43:43,11247.97668323,247434
2020.08.03 23:49:18,11248.34025512,247456
2020.08.03 23:54:50,11246.04403760,247412
2020.08.04 00:00:21,11240.41218317,247280
2020.08.04 00:43:01,11356.75201043,249832
2020.08.04 00:51:08,11394.20641082,250668
2020.08.04 00:56:36,11385.26003651,250470
2020.08.04 01:06:11,11358.23991183,249876
2020.08.04 01:18:18,11359.92972470,249898
2020.08.04 01:24:00,11365.41772542,250030
2020.08.04 01:29:27,11352.32125225,249744
2020.08.04 01:35:33,11345.17689338,249590
2020.08.04 01:41:05,11368.79269882,250096
2020.08.04 01:46:36,11371.99409216,250162
2020.08.04 01:52:08,11354.31935749,249788
2020.08.04 01:57:39,11340.59447028,249480
2020.08.04 02:10:48,11335.79774309,249370
2020.08.04 02:19:55,11340.75647053,249480
2020.08.04 02:28:13,11356.01705526,249832
2020.08.04 02:30:32,11359.26997105,249898
2020.08.04 02:36:04,11361.35467069,249942
2020.08.04 02:41:39,11316.02602294,248952
2020.08.04 02:47:06,11304.96467122,248688
2020.08.04 02:52:43,11290.43685706,248380
2020.08.04 02:58:12,11296.03896956,248512
2020.08.04 03:11:22,11290.26606575,248380
2020.08.04 03:18:56,11300.51035121,248600
2020.08.04 03:24:30,11310.45442477,248820
2020.08.04 03:30:01,11286.53702020,248292
2020.08.04 03:35:34,11260.39291748,247720
2020.08.04 03:41:05,11260.92358619,247720
2020.08.04 03:46:38,11259.72344591,247698
2020.08.04 03:52:11,11271.54485583,247962
2020.08.04 03:57:41,11251.14508305,247522
2020.08.04 04:10:32,11291.74130765,248402
2020.08.04 04:18:28,11299.63299951,248578
2020.08.04 04:24:04,11302.84676517,248644
2020.08.04 04:29:37,11277.30980441,248094
2020.08.04 04:35:06,11264.29715780,247808
2020.08.04 04:40:41,11258.09666891,247676
2020.08.04 04:46:09,11269.50608426,247918
2020.08.04 04:51:44,11289.57230357,248358
2020.08.04 04:57:15,11307.93755484,248754
2020.08.04 05:11:56,11318.45356941,248996
2020.08.04 05:16:36,11310.81101660,248820
2020.08.04 05:22:05,11290.12742027,248380
2020.08.04 05:27:39,11289.56870225,248358
2020.08.04 05:33:38,11287.44348490,248314
2020.08.04 05:39:10,11299.77319851,248578
2020.08.04 05:44:43,11272.40112564,247984
2020.08.04 05:50:19,11273.78330785,248006
2020.08.04 05:55:43,11273.49963708,248006
2020.08.04 06:02:54,11280.65189685,248160
2020.08.04 06:17:35,11243.64222359,247346
2020.08.04 06:23:06,11249.10688919,247478
2020.08.04 06:28:38,11255.20092905,247610
2020.08.04 06:34:42,11265.93738039,247830
2020.08.04 06:40:27,11257.02228527,247654
2020.08.04 06:45:48,11262.97735237,247764
2020.08.04 06:51:21,11272.78940400,247984
2020.08.04 06:56:53,11272.15620166,247984
2020.08.04 07:06:58,11254.68741019,247588
2020.08.04 07:17:50,11282.62249041,248204
2020.08.04 07:22:43,11279.69552756,248138
2020.08.04 07:28:13,11279.64426756,248138
2020.08.04 07:34:19,11300.47134906,248600
2020.08.04 07:39:48,11305.33095646,248710
2020.08.04 07:45:20,11306.95185983,248732
2020.08.04 07:50:53,11297.98546227,248534
2020.08.04 07:56:29,11294.50042036,248468
2020.08.04 08:06:06,11288.28724942,248336
2020.08.04 08:18:50,11295.75715592,248490
2020.08.04 08:24:18,11308.60366695,248776
2020.08.04 08:29:51,11317.75610097,248974
2020.08.04 08:35:23,11313.81595889,248886
2020.08.04 08:40:58,11303.96651090,248666
2020.08.04 08:46:30,11301.18278933,248622
2020.08.04 08:52:01,11285.01349708,248270
2020.08.04 08:57:33,11272.35791992,247984
2020.08.04 09:09:32,11253.17606078,247566
2020.08.04 09:18:19,11248.41248590,247456
2020.08.04 09:23:36,11262.03027650,247764
2020.08.04 09:29:04,11261.56579215,247742
2020.08.04 09:34:42,11269.35968222,247918
2020.08.04 09:40:04,11261.82421255,247742
2020.08.04 09:45:34,11244.47860257,247368
2020.08.04 09:51:07,11246.58557130,247412
2020.08.04 09:56:38,11255.50145968,247610
2020.08.04 10:05:49,11270.81443205,247940
2020.08.04 10:17:41,11269.50867228,247918
2020.08.04 10:22:00,11241.81684808,247302
2020.08.04 10:27:22,11272.74788659,247984
2020.08.04 10:34:16,11294.04136350,248468
2020.08.04 10:38:38,11286.68585406,248292
2020.08.04 10:44:06,11290.45640412,248380
2020.08.04 10:49:41,11280.28006752,248160
2020.08.04 10:55:10,11242.74296239,247324
2020.08.04 11:00:44,11236.62852473,247192
2020.08.04 11:14:26,11266.30903005,247852
2020.08.04 11:19:59,11273.60090480,248006
2020.08.04 11:25:31,11257.90973210,247654
2020.08.04 11:30:58,11247.03625341,247434
2020.08.04 11:36:37,11242.07534514,247324
2020.08.04 11:42:05,11205.93243710,246510
2020.08.04 11:47:41,11201.80648560,246422
2020.08.04 11:53:09,11178.75661933,245916
2020.08.04 11:58:44,11128.44863195,244816
2020.08.04 12:17:29,11141.27320332,245102
2020.08.04 12:26:28,11153.48032961,245366
2020.08.04 12:30:37,11126.50527514,244772
2020.08.04 12:36:11,11133.53608824,244926
2020.08.04 12:41:43,11147.58114191,245234
2020.08.04 12:47:15,11144.60178079,245168
2020.08.04 12:52:50,11165.64920760,245630
2020.08.04 12:58:19,11153.72761984,245366
2020.08.04 13:11:02,11136.06152643,244992
2020.08.04 13:16:24,11105.31771533,244310
2020.08.04 13:21:46,11081.24556054,243782
2020.08.04 13:27:13,11122.52816015,244684
2020.08.04 13:32:37,11110.94953057,244420
2020.08.04 13:38:04,11134.49905192,244948
2020.08.04 13:43:36,11136.42858393,244992
2020.08.04 13:50:59,11136.32168497,244992
2020.08.04 13:54:41,11152.62455935,245344
2020.08.04 14:00:20,11152.04065709,245344
2020.08.04 14:16:08,11168.66099746,245696
2020.08.04 14:23:30,11156.72570449,245432
2020.08.04 14:27:04,11148.25099566,245256
2020.08.04 14:33:50,11157.82914736,245454
2020.08.04 14:38:11,11176.26184045,245872
2020.08.04 14:43:43,11181.68901687,245982
2020.08.04 14:49:19,11188.03576797,246136
2020.08.04 14:54:44,11174.55552289,245828
2020.08.04 15:00:20,11207.68289956,246554
2020.08.04 15:15:16,11221.61444612,246862
2020.08.04 15:20:37,11207.54331833,246554
2020.08.04 15:26:14,11195.81311197,246290
2020.08.04 15:31:47,11197.50481823,246334
2020.08.04 15:37:24,11199.22275705,246378
2020.08.04 15:42:56,11212.57069827,246664
2020.08.04 15:48:23,11212.40307263,246664
2020.08.04 15:54:02,11202.67480107,246444
2020.08.04 15:59:34,11214.60690786,246708
2020.08.04 16:16:16,11193.72445588,246246
2020.08.04 16:21:50,11189.85472653,246158
2020.08.04 16:27:24,11195.01989816,246290
2020.08.04 16:34:11,11180.21254082,245960
2020.08.04 16:38:33,11182.54297119,246004
2020.08.04 16:44:13,11183.62960537,246026
2020.08.04 16:49:41,11160.66672025,245520
2020.08.04 16:55:16,11153.24256633,245366
2020.08.04 17:00:48,11151.67282201,245322
2020.08.04 17:15:03,11182.31148675,246004
2020.08.04 17:20:31,11188.91802173,246136
2020.08.04 17:26:09,11194.37624120,246268
2020.08.04 17:31:38,11200.20091274,246400
2020.08.04 17:37:13,11210.09267059,246620
2020.08.04 17:43:25,11202.23945873,246444
2020.08.04 17:48:16,11195.38434399,246290
2020.08.04 17:53:52,11207.73433021,246554
2020.08.04 18:00:27,11246.87717899,247412
2020.08.04 18:16:12,11249.46907696,247478
2020.08.04 18:21:39,11255.46761589,247610
2020.08.04 18:27:13,11242.32762371,247324
2020.08.04 18:32:45,11251.28877251,247522
2020.08.04 18:38:18,11232.89765254,247104
2020.08.04 18:43:50,11227.72010399,246994
2020.08.04 18:49:27,11213.72758645,246686
2020.08.04 18:54:56,11211.23768792,246642
2020.08.04 19:00:28,11220.69427987,246840
2020.08.04 19:14:44,11227.19227394,246994
2020.08.04 19:20:12,11220.72881850,246840
2020.08.04 19:25:45,11223.59228503,246906
2020.08.04 19:31:23,11235.55424989,247170
2020.08.04 19:36:53,11238.61109054,247236
2020.08.04 19:42:28,11241.00675069,247302
2020.08.04 19:47:59,11233.35315643,247126
2020.08.04 19:53:27,11231.10676512,247082
2020.08.04 19:58:55,11228.15605475,247016
2020.08.04 20:18:01,11264.65814040,247808
2020.08.04 20:23:17,11258.19973256,247676
2020.08.04 20:26:52,11255.57083767,247610
2020.08.04 20:32:21,11258.27701279,247676
2020.08.04 20:37:46,11245.79153028,247390
2020.08.04 20:43:09,11237.20579869,247214
2020.08.04 20:48:43,11239.50137619,247258
2020.08.04 20:54:16,11232.69274594,247104
2020.08.04 20:59:50,11208.94608512,246576
2020.08.04 21:14:42,11205.80024603,246510
2020.08.04 21:20:04,11208.24195629,246576
2020.08.04 21:25:33,11220.06322485,246840
2020.08.04 21:31:02,11222.66160908,246884
2020.08.04 21:36:24,11223.69367378,246906
2020.08.04 21:41:50,11234.78822669,247148
2020.08.04 21:47:23,11223.21619673,246906
2020.08.04 21:52:51,11228.85374559,247016
2020.08.04 21:58:22,11239.15281501,247258
2020.08.04 22:11:38,11245.94504848,247390
2020.08.04 22:17:42,11246.76491399,247412
2020.08.04 22:23:10,11228.01430398,247016
2020.08.04 22:28:42,11237.35930528,247214
2020.08.04 22:34:21,11240.94462693,247280
2020.08.04 22:39:47,11223.71606180,246906
2020.08.04 22:45:20,11212.89256477,246664
2020.08.04 22:50:52,11213.32433528,246686
2020.08.04 22:56:27,11216.81949041,246752
2020.08.04 23:04:29,11229.00248868,247038
2020.08.04 23:13:34,11208.79169518,246576
2020.08.04 23:19:07,11205.11873576,246510
2020.08.04 23:24:36,11204.86624818,246488
2020.08.04 23:30:13,11205.15162951,246510
2020.08.04 23:35:41,11207.95260976,246554
2020.08.04 23:41:16,11203.73386540,246466
2020.08.04 23:46:48,11202.04656660,246444
2020.08.04 23:52:17,11187.10129422,246114
2020.08.04 23:57:49,11186.72961316,246092
2020.08.05 00:29:18,11189.49383651,246158
2020.08.05 00:49:39,11184.02211234,246048
2020.08.05 00:55:06,11174.96062620,245828
2020.08.05 01:00:37,11179.20019460,245938
2020.08.05 01:16:52,11161.28330955,245542
2020.08.05 01:22:24,11149.40376728,245278
2020.08.05 01:28:01,11162.83050951,245564
2020.08.05 01:34:06,11168.66972010,245696
2020.08.05 01:39:36,11168.44069996,245696
2020.08.05 01:45:06,11171.70887470,245762
2020.08.05 01:50:39,11179.63756945,245938
2020.08.05 01:56:08,11177.10824339,245894
2020.08.05 02:04:46,11193.66651154,246246
2020.08.05 02:18:09,11186.58018006,246092
2020.08.05 02:28:27,11165.20019966,245630
2020.08.05 02:29:49,11165.00944236,245630
2020.08.05 02:34:58,11159.63471254,245498
2020.08.05 02:40:36,11169.26944685,245718
2020.08.05 02:46:12,11174.13076974,245828
2020.08.05 02:51:39,11192.07314792,246224
2020.08.05 02:57:13,11191.64112443,246202
2020.08.05 03:07:52,11210.89416018,246620
2020.08.05 03:17:49,11212.56016228,246664
2020.08.05 03:23:03,11208.53776542,246576
2020.08.05 03:28:31,11196.81375957,246312
2020.08.05 03:34:10,11209.69644195,246598
2020.08.05 03:39:37,11213.60763657,246686
2020.08.05 03:45:12,11232.22809982,247104
2020.08.05 03:50:47,11233.35065218,247126
2020.08.05 03:56:20,11237.26828179,247214
2020.08.05 04:04:50,11246.67826476,247412
2020.08.05 04:18:30,11257.43155263,247654
2020.08.05 04:23:08,11239.52925884,247258
2020.08.05 04:28:46,11238.42149367,247236
2020.08.05 04:34:14,11250.27602291,247500
2020.08.05 04:39:42,11261.81671775,247742
2020.08.05 04:45:15,11258.67279470,247676
2020.08.05 04:50:48,11256.63018148,247632
2020.08.05 04:56:16,11249.54577166,247478
2020.08.05 05:04:55,11263.59543309,247786
2020.08.05 05:16:04,11247.88729250,247434
2020.08.05 05:21:36,11242.38783939,247324
2020.08.05 05:27:07,11242.63980356,247324
2020.08.05 05:33:12,11238.30920909,247236
2020.08.05 05:38:43,11242.01537052,247324
2020.08.05 05:44:18,11250.71221769,247500
2020.08.05 05:49:47,11263.60887923,247786
2020.08.05 05:55:22,11277.62006684,248094
2020.08.05 06:01:28,11289.42188770,248358
2020.08.05 06:17:47,11321.10255195,249062
2020.08.05 06:23:11,11319.77103223,249018
2020.08.05 06:29:42,11306.32501419,248732
2020.08.05 06:34:52,11301.61499184,248622
2020.08.05 06:40:24,11314.33471614,248908
2020.08.05 06:46:42,11295.31773642,248490
2020.08.05 06:51:29,11295.09035826,248490
2020.08.05 06:56:59,11289.06787264,248358
2020.08.05 07:07:36,11293.07060243,248446
2020.08.05 07:17:15,11308.03218668,248776
2020.08.05 07:22:46,11308.46899414,248776
2020.08.05 07:29:15,11308.78242893,248776
2020.08.05 07:33:54,11300.38158480,248600
2020.08.05 07:39:18,11299.52130516,248578
2020.08.05 07:44:42,11289.94173922,248358
2020.08.05 07:50:16,11290.43511124,248380
2020.08.05 07:55:49,11281.61629706,248182
2020.08.05 08:03:33,11296.81011892,248512
2020.08.05 08:17:51,11312.19855625,248864
2020.08.05 08:23:29,11313.81182293,248886
2020.08.05 08:28:46,11308.06531709,248776
2020.08.05 08:34:25,11296.66660352,248512
2020.08.05 08:39:57,11300.95732565,248600
2020.08.05 08:45:30,11288.34215127,248336
2020.08.05 08:51:04,11287.29479991,248314
2020.08.05 08:56:34,11292.06335734,248424
2020.08.05 09:05:44,11306.67562316,248732
2020.08.05 09:16:51,11353.07480185,249766
2020.08.05 09:22:23,11342.96784460,249524
2020.08.05 09:27:58,11356.05619312,249832
2020.08.05 09:33:33,11360.02779962,249920
2020.08.05 09:39:07,11366.47694811,250052
2020.08.05 09:44:38,11371.36358307,250162
2020.08.05 09:50:07,11369.99296643,250118
2020.08.05 09:55:39,11383.69474657,250426
2020.08.05 10:02:15,11391.38596599,250602
2020.08.05 10:16:00,11394.62833691,250668
2020.08.05 10:21:29,11384.40128746,250448
2020.08.05 10:27:15,11376.85941120,250272
2020.08.05 10:32:53,11383.87383832,250426
2020.08.05 10:38:26,11376.43373012,250272
2020.08.05 10:43:57,11379.41514864,250338
2020.08.05 10:49:30,11400.18906230,250800
2020.08.05 10:55:36,11399.26071724,250778
2020.08.05 11:00:40,11401.05145979,250822
2020.08.05 11:14:47,11431.04385876,251482
2020.08.05 11:20:22,11442.86458543,251724
2020.08.05 11:25:51,11427.91336035,251394
2020.08.05 11:31:28,11405.13475676,250910
2020.08.05 11:36:55,11411.12819520,251042
2020.08.05 11:42:38,11406.61513722,250932
2020.08.05 11:48:01,11421.07421817,251262
2020.08.05 11:53:35,11413.41087206,251086
2020.08.05 11:59:03,11426.81161362,251372
2020.08.05 12:21:49,11411.86500895,251042
2020.08.05 12:26:29,11402.60787869,250844
2020.08.05 12:31:00,11402.40987676,250844
2020.08.05 12:36:35,11421.03578398,251262
2020.08.05 12:42:05,11429.79741900,251438
2020.08.05 12:47:45,11505.31166241,253110
2020.08.05 12:53:08,11529.75634360,253638
2020.08.05 12:58:34,11533.35348780,253726
2020.08.05 13:12:16,11577.64373957,254694
2020.08.05 13:17:46,11572.69381766,254584
2020.08.05 13:23:16,11563.36469042,254386
2020.08.05 13:28:49,11575.55036793,254650
2020.08.05 13:34:23,11593.20277140,255046
2020.08.05 13:39:52,11572.00997790,254584
2020.08.05 13:45:24,11575.21943357,254650
2020.08.05 13:51:01,11575.97582944,254650
2020.08.05 13:56:35,11592.71223348,255024
2020.08.05 14:06:08,11583.24043782,254826
2020.08.05 14:18:17,11594.26806315,255068
2020.08.05 14:23:52,11584.77973611,254848
2020.08.05 14:29:25,11551.62643168,254122
2020.08.05 14:35:05,11594.39398160,255068
2020.08.05 14:40:36,11614.66086170,255508
2020.08.05 14:47:07,11623.83977272,255706
2020.08.05 14:51:38,11606.16466729,255332
2020.08.05 14:57:08,11603.24518640,255266
2020.08.05 15:07:50,11637.85762153,256014
2020.08.05 15:17:26,11659.90405702,256498
2020.08.05 15:22:58,11676.85453622,256872
2020.08.05 15:29:36,11658.66537833,256476
2020.08.05 15:34:12,11641.38273795,256102
2020.08.05 15:39:37,11644.78507725,256168
2020.08.05 15:45:12,11667.57262743,256674
2020.08.05 15:50:52,11663.31901995,256586
2020.08.05 15:56:20,11644.91242063,256168
2020.08.05 16:04:49,11659.84561904,256498
2020.08.05 16:17:31,11687.66366080,257114
2020.08.05 16:23:20,11677.57623473,256894
2020.08.05 16:28:48,11652.86440442,256344
2020.08.05 16:34:24,11643.11850452,256146
2020.08.05 16:39:48,11638.25410651,256036
2020.08.05 16:45:11,11638.92103546,256036
2020.08.05 16:50:46,11653.25078651,256366
2020.08.05 16:56:26,11642.28641370,256124
2020.08.05 17:04:57,11643.07595615,256146
2020.08.05 17:16:08,11665.02069335,256630
2020.08.05 17:21:39,11649.03226872,256278
2020.08.05 17:27:16,11644.82750494,256168
2020.08.05 17:32:54,11634.31585175,255948
2020.08.05 17:38:19,11639.62349272,256058
2020.08.05 17:44:01,11647.55486037,256234
2020.08.05 17:50:30,11637.08106368,256014
2020.08.05 17:54:59,11648.46363350,256256
2020.08.05 18:00:27,11670.10250397,256740
2020.08.05 18:17:36,11663.80247684,256586
2020.08.05 18:24:00,11666.30883493,256652
2020.08.05 18:27:46,11671.41638368,256762
2020.08.05 18:33:23,11676.51603461,256872
2020.08.05 18:39:01,11668.77044900,256696
2020.08.05 18:44:30,11664.23852661,256608
2020.08.05 18:50:02,11650.40117754,256300
2020.08.05 18:55:34,11642.66275173,256124
2020.08.05 19:01:45,11652.05030463,256344
2020.08.05 19:14:57,11669.60875207,256718
2020.08.05 19:21:35,11668.95609610,256696
2020.08.05 19:26:00,11662.18442006,256564
2020.08.05 19:32:06,11674.25777333,256828
2020.08.05 19:37:38,11675.45178593,256850
2020.08.05 19:43:15,11679.01815938,256938
2020.08.05 19:48:44,11670.15267482,256740
2020.08.05 19:54:15,11667.99583442,256674
2020.08.05 19:59:51,11649.27908764,256278
2020.08.05 20:17:30,11654.62840729,256388
2020.08.05 20:22:35,11673.96865546,256806
2020.08.05 20:28:08,11663.98140161,256586
2020.08.05 20:33:38,11671.21478828,256762
2020.08.05 20:38:57,11673.09733266,256806
2020.08.05 20:44:33,11665.85116044,256630
2020.08.05 20:50:03,11659.45953685,256498
2020.08.05 20:55:31,11658.63823900,256476
2020.08.05 21:02:06,11676.77617370,256872
2020.08.05 21:15:24,11733.63745664,258126
2020.08.05 21:20:52,11724.00093146,257928
2020.08.05 21:26:25,11741.76921816,258302
2020.08.05 21:31:58,11755.52603865,258610
2020.08.05 21:37:36,11757.63444166,258654
2020.08.05 21:43:04,11759.44137481,258698
2020.08.05 21:48:35,11771.09270462,258962
2020.08.05 21:54:06,11756.94237741,258632
2020.08.05 21:59:37,11758.93411464,258676
2020.08.05 22:14:49,11659.74860092,256498
2020.08.05 22:20:26,11657.46148170,256454
2020.08.05 22:25:57,11622.95205208,255684
2020.08.05 22:31:31,11628.60847698,255816
2020.08.05 22:37:03,11648.93712048,256256
2020.08.05 22:42:36,11647.87753080,256234
2020.08.05 22:48:09,11638.37433759,256036
2020.08.05 22:53:45,11639.07040536,256058
2020.08.05 22:59:15,11626.53601792,255772
2020.08.05 23:14:22,11650.52877817,256300
2020.08.05 23:19:54,11653.61784479,256366
2020.08.05 23:25:35,11662.51289546,256564
2020.08.05 23:31:02,11676.59193831,256872
2020.08.05 23:36:38,11677.63349318,256894
2020.08.05 23:42:07,11686.65902614,257092
2020.08.05 23:47:38,11727.64472757,257994
2020.08.05 23:53:09,11735.15473253,258170
2020.08.05 23:58:44,11725.04460049,257950
2020.08.06 00:38:54,11728.20406031,258016
2020.08.06 00:51:01,11721.09204447,257862
2020.08.06 00:56:29,11720.55377147,257840
2020.08.06 01:06:03,11708.54145831,257576
2020.08.06 01:18:18,11687.50481868,257114
2020.08.06 01:23:48,11682.57181135,257004
2020.08.06 01:29:22,11697.08807657,257334
2020.08.06 01:35:26,11689.55784065,257158
2020.08.06 01:40:57,11662.89817675,256564
2020.08.06 01:46:31,11655.27514511,256410
2020.08.06 01:52:03,11672.15889289,256784
2020.08.06 01:57:36,11671.32796238,256762
2020.08.06 02:10:14,11647.07578935,256234
2020.08.06 02:19:25,11631.56165447,255882
2020.08.06 02:28:36,11671.05777209,256762
2020.08.06 02:30:40,11671.93337271,256762
2020.08.06 02:36:01,11686.30694882,257092
2020.08.06 02:41:35,11693.16239834,257246
2020.08.06 02:47:05,11693.84389479,257246
2020.08.06 02:52:41,11685.36234263,257070
2020.08.06 02:58:08,11680.90526148,256960
2020.08.06 03:11:16,11669.36425480,256718
2020.08.06 03:19:22,11663.50546403,256586
2020.08.06 03:24:23,11651.72302191,256322
2020.08.06 03:29:58,11648.36605608,256256
2020.08.06 03:35:29,11645.06019099,256190
2020.08.06 03:41:03,11669.90514813,256718
2020.08.06 03:46:36,11666.96382623,256652
2020.08.06 03:52:06,11663.83755945,256586
2020.08.06 03:57:41,11669.50247112,256718
2020.08.06 04:10:19,11639.53076882,256058
2020.08.06 04:19:45,11652.39264632,256344
2020.08.06 04:24:29,11645.81869801,256190
2020.08.06 04:29:36,11636.15353209,255992
2020.08.06 04:35:08,11611.29656371,255442
2020.08.06 04:40:34,11588.08548438,254936
2020.08.06 04:46:05,11598.38298706,255156
2020.08.06 04:51:44,11621.95974199,255662
2020.08.06 04:57:13,11621.55411332,255662
2020.08.06 05:07:53,11631.14936486,255882
2020.08.06 05:20:17,11624.39183197,255728
2020.08.06 05:22:31,11633.96859980,255926
2020.08.06 05:28:03,11635.37521546,255970
2020.08.06 05:34:13,11622.26516724,255684
2020.08.06 05:39:38,11617.91723122,255574
2020.08.06 05:45:40,11599.00308270,255178
2020.08.06 05:50:44,11615.55497887,255530
2020.08.06 05:56:15,11618.42890734,255596
2020.08.06 06:04:51,11643.31451258,256146
2020.08.06 06:18:05,11666.51743614,256652
2020.08.06 06:23:36,11670.78439566,256740
2020.08.06 06:29:11,11667.17526405,256674
2020.08.06 06:37:24,11673.57039350,256806
2020.08.06 06:41:41,11679.11594910,256938
2020.08.06 06:45:54,11672.91809935,256784
2020.08.06 06:51:29,11672.67535886,256784
2020.08.06 06:56:52,11685.72591025,257070
2020.08.06 07:07:00,11677.66851958,256894